[
  {
    "name": "ram",
    "age" : 35,
    "gender": "male",
    "workingexperience": 4,
    "mobileNumber" : "8475928529",
    "email":"sanchana@gmail.com",
    "passoword":"123456sg",
    "confirmPassword":"123456sg",
    "image": null,
    "about_you": "i am good at handling the patients",
    "experience": "i have experience for about four years  in xzy hospital",
    "qulification": "phd in psychology",
    "affiliation": "i have membership in india doctors council",
    "languages_known": "English,tamil,hindi",
    "status": "pending"

    }
]